symbol,qualified,sector,fundamentals,technical,forecast,market,regime_status,composite_base,composite_final,coverage,beta_millis,forward_pe_hundredths,ev_ebitda_hundredths,price_to_book_hundredths,return_on_equity_bps,close_cents,ema20_cents,ema50_cents,ema200_cents
"WFC",0,"Financial Services",54,39,32,44,"Included",50,56,4,920,1108,,165,1258,8752,8684,8507,8338
"SNDK",1,"Technology",40,-6,74,43,"Included",46,53,4,,467,1424,1330,9164,123792,138804,149027,102152
"NEM",0,"Basic Materials",41,62,26,17,"Included",53,52,4,500,1110,705,352,2591,11726,9987,9998,10035
"AIZ",0,"Financial Services",55,50,9,33,"Included",48,52,4,543,1240,826,233,1834,28722,28243,27146,24426
"HIG",0,"Financial Services",60,37,13,39,"Included",47,52,4,458,1030,698,199,2206,14115,14127,13826,13513
"GL",0,"Financial Services",53,47,11,30,"Included",47,50,4,472,1109,1015,229,2094,18326,18113,17449,15598
"PNC",0,"Financial Services",29,50,31,32,"Included",45,49,4,898,1179,,175,1262,25176,25081,24378,22298
"INCY",0,"Healthcare",52,58,-6,32,"Included",45,49,4,769,1369,1037,385,3067,12155,11892,11331,10180
"COF",0,"Financial Services",39,30,40,33,"Included",44,48,4,1016,910,,130,903,21897,21173,20446,20411
"MCK",0,"Healthcare",5,55,39,34,"Included",43,48,4,307,1741,1586,,,87987,84618,82221,81015
"CVX",0,"Energy",25,44,34,28,"Included",44,48,4,488,1503,822,201,1223,19491,18856,18577,17823
"COP",0,"Energy",25,46,32,24,"Included",44,47,4,123,1360,610,226,1418,12303,11674,11542,11040
"CINF",0,"Financial Services",56,25,3,43,"Included",38,47,4,554,1925,588,160,2148,17386,17849,17604,16693
"BAC",0,"Financial Services",51,50,33,15,"Included",50,47,4,1168,1206,,162,1120,6386,6180,5916,5420
"ALL",0,"Financial Services",62,43,-9,32,"Included",42,47,4,156,996,420,216,4611,26967,26057,24655,22268
"TRV",0,"Financial Services",59,55,-21,36,"Included",41,47,4,457,1243,717,237,2651,37562,37098,34817,31042
"OMC",0,"Communication Services",38,40,18,26,"Included",42,46,4,660,703,877,220,605,8465,8138,7928,7708
"FANG",0,"Energy",27,23,43,31,"Included",41,46,4,419,1108,628,147,349,19897,19370,19222,17812
"HAS",0,"Consumer Cyclical",7,49,42,24,"Included",43,46,4,468,1449,1219,1893,15956,9449,8990,8789,8703
"USB",0,"Financial Services",30,53,27,23,"Included",44,46,4,977,1109,,165,1262,6419,6330,6121,5575
"CAH",0,"Healthcare",10,58,22,33,"Included",40,46,4,521,1968,1520,,,23718,23228,22616,20779
"VLO",0,"Energy",48,55,-2,21,"Included",44,46,4,554,1136,728,392,2764,31495,30082,28313,23206
"HAL",1,"Energy",41,-5,43,39,"Included",36,45,4,753,1157,827,255,1492,3364,3296,3465,3344
"CVS",0,"Healthcare",21,12,42,44,"Included",35,45,4,596,1129,1109,153,621,9567,10259,10058,8754
"ACGL",0,"Financial Services",35,27,20,39,"Included",37,45,4,288,1006,612,144,1994,9825,10018,9858,9541
"GEHC",0,"Healthcare",30,31,33,26,"Included",41,45,4,817,1348,1159,300,1938,7294,6764,6616,7015
"ABBV",0,"Healthcare",15,42,28,33,"Included",38,45,4,280,1525,1634,,,24797,24962,24228,22591
"CFG",0,"Financial Services",24,54,34,19,"Included",45,45,4,1006,1116,,128,827,7267,7198,6977,6280
"EXE",1,"Energy",12,29,47,26,"Included",39,44,4,319,1061,382,120,1489,9756,9188,9190,9796
"CPAY",0,"Technology",15,51,37,16,"Included",43,44,4,869,1283,1224,755,2922,40088,38114,36418,33330
"BMY",0,"Healthcare",32,59,-1,26,"Included",40,44,4,225,990,879,594,4660,6484,6274,6037,5631
"AFL",0,"Financial Services",48,37,-17,46,"Included",33,44,4,595,1614,1127,202,1691,12194,12462,12169,11495
"CI",0,"Healthcare",48,-25,46,41,"Included",33,43,4,321,832,772,172,1676,27840,28364,28483,28209
"UNH",0,"Healthcare",18,23,40,32,"Included",37,43,4,632,1822,1705,354,1415,40874,41573,40751,35594
"AVY",0,"Consumer Cyclical",30,33,28,23,"Included",40,43,4,812,1588,1131,583,3116,17835,16878,16519,16895
"MPC",0,"Energy",40,55,-1,17,"Included",41,43,4,508,1079,800,475,4210,32032,30315,28531,23668
"DVN",1,"Energy",6,13,59,30,"Included",36,42,4,419,826,682,125,1152,4536,4376,4403,4234
"SCHW",0,"Financial Services",22,38,35,12,"Included",42,42,4,750,1384,,425,2027,10799,10421,9975,9631
"EOG",0,"Energy",39,17,14,36,"Included",33,42,4,278,973,538,246,2251,14222,14026,13839,12942
"SOLV",0,"Healthcare",12,46,16,32,"Included",35,42,4,671,1180,1703,298,3396,8521,8302,7979,7565
"EG",0,"Financial Services",24,35,12,36,"Included",34,42,4,279,617,,93,1257,36990,37387,36458,34555
"CB",0,"Financial Services",23,43,6,35,"Included",34,42,4,389,1197,1054,178,1482,34830,35070,34392,32230
"PSX",0,"Energy",31,59,3,14,"Included",41,42,4,687,1082,1044,303,2345,21552,20366,19310,16722
"FITB",0,"Financial Services",-1,53,31,27,"Included",36,41,4,923,1157,,161,844,5713,5701,5545,5046
"MDT",0,"Healthcare",27,26,26,26,"Included",36,41,4,566,1394,1336,231,984,8941,8511,8334,8722
"JPM",0,"Financial Services",36,43,13,20,"Included",38,41,4,977,1439,,271,1779,35979,35028,33753,31620
"MTB",0,"Financial Services",27,51,-4,29,"Included",35,41,4,573,1192,,143,1074,25113,24789,23934,21900
"L",0,"Financial Services",18,39,,37,"Included",34,41,3,518,,826,122,931,11380,11551,11342,10787
"BALL",0,"Consumer Cyclical",0,46,41,20,"Included",37,40,4,956,1384,1140,288,1715,6258,6329,6167,5851
"HBAN",0,"Financial Services",5,31,32,39,"Included",31,40,4,946,935,,120,900,1760,1751,1733,1687
"SYF",0,"Financial Services",30,40,29,29,"Included",37,40,4,1311,744,,167,2079,7819,7635,7492,7370
"COR",0,"Healthcare",3,40,33,22,"Included",35,40,4,573,1639,1332,2033,9687,32500,31111,30215,30951
"SYY",0,"Consumer Defensive",18,32,10,39,"Included",30,40,4,636,1563,1171,,7769,8387,8352,8167,7961
"TFC",0,"Financial Services",27,40,2,34,"Included",32,40,4,870,1042,,108,906,5186,5197,5104,4889
"DD",0,"Basic Materials",23,19,48,21,"Included",36,39,4,1090,1779,1306,139,179,14155,14035,13995,13158
"MA",0,"Financial Services",6,25,46,18,"Included",36,39,4,735,2448,2281,8805,24120,56317,55498,53457,53046
"AIG",0,"Financial Services",23,13,21,40,"Included",29,39,4,517,880,482,102,722,7761,7890,7803,7761
"ULTA",0,"Consumer Cyclical",13,36,29,19,"Included",35,39,4,852,1721,1359,864,4745,54866,51349,50070,52982
"OXY",0,"Energy",26,28,14,26,"Included",33,39,4,160,1493,569,175,1063,5865,5546,5505,5212
"DG",0,"Consumer Defensive",30,31,-4,38,"Included",29,39,4,235,1526,1224,305,1891,12242,12386,12040,12069
"APA",0,"Energy",52,38,-14,20,"Included",35,39,4,348,1006,328,205,2666,4102,3628,3583,3238
"WYNN",1,"Consumer Cyclical",11,13,63,17,"Included",36,38,4,1005,1945,1100,,,10250,9951,10002,10610
"C",0,"Financial Services",29,13,38,29,"Included",33,38,4,1102,1050,,118,853,13522,13441,13381,12171
"HSIC",0,"Healthcare",6,52,16,18,"Included",35,38,4,808,1468,1392,312,885,8808,8654,8374,7742
"PFE",0,"Healthcare",24,38,2,28,"Included",31,38,4,280,936,813,181,501,2705,2543,2532,2564
"XOM",0,"Energy",7,55,9,19,"Included",34,38,4,173,1510,1024,253,1258,15979,15243,14949,14066
"T",0,"Communication Services",27,5,23,33,"Included",28,37,4,417,938,737,150,1834,2405,2321,2323,2503
"DVA",0,"Healthcare",44,-6,5,47,"Included",23,37,4,870,1079,930,,8848,18369,21666,21339,17375
"SW",0,"Consumer Cyclical",-6,40,45,17,"Included",35,37,4,930,1418,840,138,272,4759,4676,4502,4275
"V",0,"Financial Services",-3,30,43,19,"Included",33,37,4,759,2413,2170,1915,6119,36132,36097,34926,33470
"ZBH",0,"Healthcare",21,27,10,30,"Included",29,37,4,462,1078,1010,148,641,9778,9419,9146,9178
"CF",0,"Basic Materials",41,24,-14,37,"Included",27,37,4,398,1107,586,320,2987,12148,11950,11766,10767
"WRB",0,"Financial Services",48,22,-21,40,"Included",26,37,4,294,1466,1036,,2021,7082,7227,7095,6980
"ANET",1,"Technology",19,62,54,-7,"Included",45,36,4,1615,3724,4919,1632,3148,19152,18035,17188,15361
"JKHY",0,"Technology",-1,23,44,19,"Included",32,36,4,553,2183,1556,517,2489,15508,15260,14793,15364
"HST",0,"Real Estate",33,7,24,37,"Included",27,36,4,1122,2158,1148,243,1556,2267,2421,2380,2099
"DOC",0,"Real Estate",18,43,8,25,"Included",31,36,4,997,-13933,1575,186,304,2090,2171,2109,1897
"BDX",0,"Healthcare",10,40,14,21,"Included",31,36,4,258,1348,1062,200,661,17963,16557,15860,15529
"SJM",0,"Consumer Defensive",6,33,18,26,"Included",29,36,4,250,1098,1021,227,-239,11807,11776,11355,10748
"MRK",0,"Healthcare",-11,53,23,18,"Included",32,36,4,211,1372,1281,771,696,13092,12817,12486,11305
"DGX",0,"Healthcare",3,53,15,11,"Included",34,36,4,548,1971,1429,348,1460,23763,22741,21585,19904
"MU",1,"Technology",26,18,75,3,"Included",40,35,4,2213,556,1397,965,6664,86100,89195,88839,61165
"PCG",1,"Utilities",-19,13,57,28,"Included",27,35,4,278,945,986,116,932,1704,1737,1720,1672
"EQT",1,"Energy",10,-11,50,32,"Included",26,35,4,578,1361,614,134,1108,5408,5214,5277,5495
"FIS",0,"Technology",45,-25,21,39,"Included",24,35,4,813,634,1204,138,2235,4251,4292,4258,5009
"PM",0,"Consumer Defensive",-21,35,34,31,"Included",26,35,4,400,2029,1859,,,18600,18890,18509,17514
"KO",0,"Consumer Defensive",-17,48,30,17,"Included",30,35,4,342,2463,2376,1034,4205,8687,8549,8331,7791
"HUM",0,"Healthcare",4,46,8,23,"Included",29,35,4,740,2328,1036,,689,38570,37926,36253,29389
"LMT",0,"Industrials",7,61,0,12,"Included",33,35,4,110,1844,1611,1582,8917,60316,56591,54931,53771
"UAL",1,"Industrials",-7,52,52,8,"Included",36,34,4,1292,800,807,241,2325,12376,12465,11982,10791
"GM",0,"Consumer Cyclical",9,65,26,5,"Included",37,34,4,1329,598,1111,124,316,8796,8507,8208,7624
"AON",0,"Financial Services",-4,24,29,26,"Included",26,34,4,676,1672,1536,788,4470,35697,35910,34906,34148
"MDLZ",0,"Consumer Defensive",-1,20,28,29,"Included",26,34,4,404,1831,1627,296,1334,6153,6166,6105,5993
"AXP",0,"Financial Services",12,32,20,26,"Included",28,34,4,1055,1685,,667,3438,33886,34220,33791,33106
"CTSH",0,"Technology",37,11,12,18,"Included",30,34,4,809,923,677,182,1492,5831,5172,4997,5886
"HON",0,"Industrials",9,38,20,16,"Included",31,34,4,918,2434,1211,415,4658,24293,24022,23627,22999
"PGR",0,"Financial Services",38,5,-1,35,"Included",24,34,4,257,1315,848,362,3494,21395,21423,21245,21408
"GD",0,"Industrials",5,47,17,6,"Included",33,34,4,328,2137,1690,399,1780,39597,38147,36936,35077
"LH",0,"Healthcare",3,39,28,8,"Included",33,34,4,843,1624,1412,302,1173,32131,30259,28721,27324
"RF",0,"Financial Services",21,45,0,21,"Included",29,34,4,1012,1107,,154,1187,3146,3113,3025,2820
"JNJ",0,"Healthcare",-21,55,19,21,"Included",28,34,4,231,2127,1890,742,2574,26181,25708,25053,22920
"SNA",0,"Industrials",12,46,-4,23,"Included",28,34,4,723,1927,1481,352,1793,41111,40987,40029,37453
"WDC",1,"Technology",32,-3,67,18,"Included",32,33,4,2217,1383,3074,,13085,43834,50800,51954,37822
"AZO",1,"Consumer Cyclical",13,-30,55,35,"Included",23,33,4,344,1750,1475,,,306799,305399,310751,342426
"STZ",1,"Consumer Defensive",51,-56,38,40,"Included",21,33,4,400,1076,970,277,2369,13339,13277,13651,14576
"GEV",0,"Industrials",11,12,49,13,"Included",31,33,4,1033,3980,6520,2207,8258,99085,101044,101807,89505
"CRM",0,"Technology",35,13,33,12,"Included",33,33,4,1152,1273,1493,473,1691,19751,18099,17622,19526
"LOW",0,"Consumer Cyclical",10,-6,41,30,"Included",24,33,4,851,1627,1306,,,21888,21481,21693,23263
"DAL",0,"Industrials",18,62,24,-3,"Included",38,33,4,1311,1007,996,267,2013,8921,8875,8537,7380
"APH",0,"Technology",-9,65,44,-3,"Included",38,33,4,1251,2601,2328,1334,3812,16770,16173,15659,14277
"VTRS",0,"Healthcare",21,14,8,36,"Included",23,33,4,893,612,718,129,-275,1628,1704,1663,1452
"ELV",0,"Healthcare",-3,16,28,31,"Included",24,33,4,692,1342,960,192,1113,39770,38893,38798,35743
"FOXA",0,"Communication Services",-5,40,14,24,"Included",26,33,4,541,1104,777,229,1429,6342,5881,5850,6053
"UNP",0,"Industrials",-11,50,31,12,"Included",31,33,4,965,2065,1573,893,3970,29224,29214,28336,25858
"INVH",0,"Real Estate",8,23,24,19,"Included",28,33,4,836,4408,1744,195,705,2989,3004,2961,2852
"BKR",0,"Energy",11,26,30,13,"Included",30,33,4,959,2025,1302,319,1646,6407,5994,5977,5710
"VZ",0,"Communication Services",20,5,9,37,"Included",21,33,4,231,891,761,188,1584,4703,4600,4571,4532
"LLY",0,"Healthcare",-18,61,21,9,"Included",31,33,4,506,2646,2743,3528,10229,123194,117615,114536,101650
"RJF",0,"Financial Services",26,35,7,11,"Included",31,33,4,920,1263,,277,1842,17909,17333,16596,16026
"EXPE",0,"Consumer Cyclical",34,60,3,1,"Included",37,33,4,1246,1314,1298,3117,8949,31401,29040,27001,24608
"PRU",0,"Financial Services",41,38,-29,22,"Included",26,33,4,826,833,1204,133,1201,12211,11980,11439,10713
"XYL",1,"Industrials",8,5,50,16,"Included",28,32,4,1010,1958,1533,257,918,12119,11990,11827,12501
"NWSA",0,"Communication Services",-1,27,24,23,"Included",25,32,4,911,1900,1266,182,798,2849,2802,2723,2651
"ICE",0,"Financial Services",11,8,45,13,"Included",30,32,4,930,1708,1550,289,1409,15054,14706,14487,15463
"GPN",0,"Industrials",12,27,7,23,"Included",25,32,4,775,540,932,99,243,8613,8332,7817,7556
"KEY",0,"Financial Services",27,15,14,26,"Included",26,32,4,1032,1061,,141,1033,2268,2283,2262,2115
"GDDY",0,"Technology",41,-8,9,32,"Included",23,32,4,918,830,1032,172623,44286,9149,9144,8933,9865
"SYK",0,"Healthcare",-3,21,30,21,"Included",26,32,4,771,2063,1961,577,1651,34581,33349,32631,33861
"VRTX",0,"Healthcare",-16,52,24,8,"Included",30,32,4,305,2425,2488,656,2354,52391,48644,47640,45084
"COO",0,"Healthcare",-6,33,25,17,"Included",27,32,4,823,1528,1971,181,285,7632,7269,7053,7110
"CL",0,"Consumer Defensive",-12,29,22,28,"Included",23,32,4,327,2272,1625,31470,26737,9315,9220,9122,8784
"KVUE",0,"Consumer Defensive",15,18,-3,37,"Included",20,32,4,431,1536,1266,346,1558,1903,1922,1883,1832
"REGN",0,"Healthcare",-12,55,10,14,"Included",28,32,4,188,1344,1603,256,1404,80805,72414,69169,68361
"BRK-B",0,"Financial Services",22,35,-7,16,"Included",27,32,4,607,2454,-179,0,1212,52942,50922,49917,48939
"IT",0,"Technology",56,8,-15,26,"Included",25,32,4,913,1168,1015,,11358,19317,16162,15291,17458
"UBER",1,"Technology",9,15,49,12,"Included",30,31,4,1154,1773,2272,642,3716,7803,7194,7223,7731
"GILD",0,"Healthcare",-18,10,41,32,"Included",21,31,4,336,1348,1276,1396,-2068,13306,13180,13135,13070
"ORLY",0,"Consumer Cyclical",-16,16,45,17,"Included",25,31,4,519,2527,2013,,,9223,9002,8943,9296
"SLB",0,"Energy",-17,26,38,16,"Included",26,31,4,749,1637,1203,303,1291,5320,4980,5008,4726
"VLTO",0,"Industrials",-1,21,28,16,"Included",26,31,4,752,2033,1809,766,3431,9711,9483,9191,9370
"TJX",0,"Consumer Cyclical",-9,14,34,24,"Included",23,31,4,616,2758,2083,1687,6125,15882,15785,15714,15343
"WAB",0,"Industrials",-19,62,28,0,"Included",32,31,4,928,2378,2112,444,1155,29416,28758,27704,24990
"WELL",0,"Real Estate",-32,53,28,14,"Included",26,31,4,763,7177,5640,378,384,23504,23677,22987,20830
"MRSH",0,"Financial Services",15,23,6,21,"Included",25,31,4,579,1672,1443,601,2590,19079,18658,17929,17951
"BRO",0,"Financial Services",24,11,-1,29,"Included",21,31,4,581,1485,1077,188,1002,7160,6982,6693,7103
"MMM",0,"Industrials",29,42,5,2,"Included",32,31,4,1080,1866,1569,3180,8189,18204,17447,16634,15919
"ROST",0,"Consumer Cyclical",-9,62,14,0,"Included",31,31,4,877,2976,2400,1297,3898,25483,24461,23489,20856
"DLTR",0,"Consumer Defensive",13,43,-14,22,"Included",24,31,4,665,1684,1307,713,3398,12937,12663,12069,11411
"AMGN",0,"Healthcare",11,57,-17,12,"Included",27,31,4,413,1729,1557,1930,9147,41720,38653,36994,34503
"ZTS",1,"Healthcare",25,-50,38,48,"Included",14,30,4,730,1092,947,,6491,7483,7582,7943,10401
"TYL",1,"Technology",-4,-17,59,24,"Included",23,30,4,809,2076,2952,429,973,31863,31081,31085,36968
"SPGI",1,"Financial Services",11,-12,59,17,"Included",26,30,4,1072,2030,1693,385,1426,41094,41826,41586,43336
"BR",0,"Technology",21,12,18,13,"Included",26,30,4,889,1498,1265,712,4092,17340,15736,15319,17849
"CMCSA",0,"Communication Services",18,0,9,32,"Included",19,30,4,647,696,506,100,1149,2520,2423,2433,2655
"NDAQ",0,"Financial Services",-1,33,31,7,"Included",29,30,4,971,2047,1856,448,1652,9562,9275,9024,8991
"WM",0,"Industrials",-12,9,40,23,"Included",22,30,4,437,2479,1458,913,2984,22660,23007,22849,22641
"IQV",0,"Healthcare",-2,40,43,1,"Included",32,30,4,1175,1676,1776,645,2282,24199,22436,20740,19395
"MSI",0,"Technology",-11,32,37,5,"Included",28,30,4,870,2427,2272,2861,9157,46198,43619,42513,42638
"UHS",0,"Healthcare",33,20,6,17,"Included",26,30,4,1063,716,572,135,2095,17274,16329,15995,17650
"TDY",0,"Technology",-12,54,20,3,"Included",29,30,4,920,2588,2115,293,915,69025,66167,64613,61363
"WTW",0,"Financial Services",-2,23,30,10,"Included",27,30,4,418,1504,1327,415,1976,34301,31861,29727,29710
"PHM",0,"Consumer Cyclical",15,28,17,23,"Included",25,30,4,1206,1156,927,,1490,13005,12940,12714,12481
"MAS",0,"Industrials",42,15,5,24,"Included",24,30,4,1296,1602,1189,,586250,7472,7644,7532,7087
"DRI",0,"Consumer Cyclical",3,35,12,9,"Included",27,30,4,585,1760,1546,1126,5372,21797,20623,20391,20053
"RTX",0,"Industrials",-14,57,21,-5,"Included",31,30,4,294,2854,2104,455,1227,22412,21197,20093,18772
"SWK",0,"Industrials",31,56,-4,-4,"Included",33,30,4,1172,1610,1123,178,689,10264,9586,9008,8083
"OTIS",0,"Industrials",19,-14,27,30,"Included",20,29,4,879,1587,1366,,,7287,7285,7317,7921
"TEL",0,"Technology",12,32,16,17,"Included",25,29,4,1162,1660,1349,469,2329,21428,20908,20775,21263
"WST",0,"Healthcare",-23,54,42,3,"Included",30,29,4,1138,3534,2704,829,1909,35213,34789,33883,29701
"IP",0,"Consumer Cyclical",7,18,21,17,"Included",24,29,4,894,1406,790,151,-1648,4134,4045,3847,3904
"CDW",0,"Technology",8,4,21,29,"Included",19,29,4,940,1143,1150,677,4401,13643,13971,13531,13524
"BKNG",0,"Consumer Cyclical",17,21,31,3,"Included",30,29,4,1068,1720,1572,,,21288,19414,18416,18584
"AME",0,"Industrials",-14,55,28,-4,"Included",31,29,4,997,2815,2391,515,1456,25288,24422,23821,22236
"HCA",0,"Healthcare",11,22,17,24,"Included",23,29,4,1109,1287,911,,,41403,39981,40111,43014
"ROP",0,"Technology",23,12,0,22,"Included",22,29,4,737,1664,1572,214,1307,40389,38135,36419,38635
"DHR",0,"Healthcare",-13,27,29,14,"Included",24,29,4,796,2252,2126,280,761,20937,19747,19271,19663
"STT",0,"Financial Services",11,49,17,14,"Included",28,29,4,1418,1220,,215,1244,18668,18274,17473,14815
"TMO",0,"Healthcare",-15,42,28,3,"Included",28,29,4,847,2180,2218,421,1352,59969,56258,53258,51483
"NTRS",0,"Financial Services",30,49,-13,15,"Included",26,29,4,1259,1483,,287,1707,18786,18263,17764,15771
"TMUS",1,"Communication Services",16,-55,52,37,"Included",14,28,4,327,1234,898,340,1799,17820,17973,18311,19937
"INTU",1,"Technology",20,-19,40,21,"Included",22,28,4,959,1222,1429,445,2250,33443,31031,31131,42874
"AVGO",0,"Technology",-5,56,46,-6,"Included",34,28,4,1473,2167,4883,2292,3728,42240,39974,39429,37029
"BA",0,"Industrials",-6,34,45,1,"Included",29,28,4,1221,5631,-7347,3017,17354,23279,22453,22192,22125
"BIIB",0,"Healthcare",-20,26,23,24,"Included",20,28,4,162,1248,1122,162,458,20713,20483,20162,18411
"GEN",0,"Technology",46,19,2,8,"Included",27,28,4,1201,887,1045,661,4194,2929,2739,2600,2512
"RL",0,"Consumer Cyclical",8,48,27,-1,"Included",31,28,4,1371,1953,1588,861,3754,40689,38634,38290,36041
"CNC",0,"Healthcare",19,29,5,15,"Included",24,28,4,1105,1269,478,146,-2036,6657,6475,6267,4980
"CHD",0,"Consumer Defensive",-9,40,8,14,"Included",23,28,4,471,2557,1969,563,1704,10330,10011,9834,9509
"TROW",0,"Financial Services",58,28,-17,20,"Included",24,28,4,1483,1109,764,227,1940,11377,11536,11252,10537
"LVS",1,"Consumer Cyclical",11,-56,52,41,"Included",12,27,4,835,1287,898,5068,12287,4546,4669,4787,5250
"EPAM",1,"Technology",52,-28,28,26,"Included",20,27,4,1370,692,582,143,1118,9737,9723,9692,12658
"ADSK",0,"Technology",20,17,40,0,"Included",29,27,4,1298,1798,2517,1694,5040,25607,23080,22421,24512
"KDP",0,"Consumer Defensive",3,-41,41,43,"Included",11,27,4,411,1157,1723,158,510,2930,3064,3058,2976
"ECL",0,"Basic Materials",-29,32,41,8,"Included",24,27,4,890,3020,2141,794,2196,28440,27835,27353,27147
"MKC",0,"Consumer Defensive",5,-8,22,29,"Included",16,27,4,627,1611,1341,204,2473,5313,5178,5114,5646
"FSLR",0,"Technology",43,11,17,20,"Included",24,27,4,1746,1037,1014,249,1851,23933,22707,23018,22652
"HII",0,"Industrials",-26,47,14,11,"Included",22,27,4,241,1595,1364,245,1297,33081,30613,30518,32705
"STE",0,"Healthcare",-1,27,15,14,"Included",22,27,4,914,1952,1516,323,1139,23891,22626,22024,22828
"VTR",0,"Real Estate",-50,46,32,21,"Included",19,27,4,731,11259,2539,322,201,9195,9341,9117,8397
"VRSN",0,"Technology",-10,39,0,18,"Included",20,27,4,703,2672,2344,,,29334,28428,27786,26661
"IEX",0,"Industrials",-11,48,20,1,"Included",27,27,4,976,2448,1908,428,1296,23327,22943,22361,20287
"MO",0,"Consumer Defensive",25,-34,4,52,"Included",8,27,4,495,1118,835,,,6554,7002,7066,6782
"OKE",0,"Energy",-1,6,16,26,"Included",17,27,4,715,1438,1173,255,1628,9034,8942,8928,8426
"NUE",0,"Basic Materials",24,61,30,-25,"Included",38,27,4,1892,1459,1201,283,1455,27461,25678,24447,20473
"TGT",0,"Consumer Defensive",10,63,-23,9,"Included",25,27,4,973,1691,1016,421,2202,15202,14342,13704,12121
"NVDA",1,"Technology",-13,48,61,-9,"Included",32,26,4,2215,1688,3156,2696,11429,21755,20881,20627,19675
"AKAM",1,"Technology",-32,11,36,27,"Included",15,26,4,645,1643,2120,356,892,11765,11811,12112,10904
"MPWR",1,"Technology",7,18,59,5,"Included",28,26,4,1686,3969,6646,1742,2198,138110,135845,138728,125303
"VRSK",1,"Industrials",-13,-24,45,36,"Included",13,26,4,664,2083,1824,,,18118,19324,18948,20077
"JBL",1,"Technology",7,22,31,10,"Included",24,26,4,1304,2010,1580,2667,6588,33663,32766,33275,29639
"EME",1,"Industrials",2,19,33,11,"Included",24,26,4,1147,2203,1775,878,4035,80933,78751,79566,75959
"BSX",0,"Healthcare",9,-28,35,27,"Included",15,26,4,566,1468,1496,293,1534,5046,4691,4806,6641
"CTVA",0,"Basic Materials",-13,-26,46,36,"Included",12,26,4,569,1851,1258,203,426,7647,8201,8224,7784
"CHTR",0,"Communication Services",50,-14,-22,31,"Included",15,26,4,678,348,548,108,2720,15329,14316,14452,18399
"EQIX",0,"Real Estate",-15,12,44,14,"Included",22,26,4,972,5526,2761,716,1074,104338,104091,104371,96598
"BLK",0,"Financial Services",13,32,31,3,"Included",28,26,4,1425,1765,1649,304,1228,113140,109069,106106,106022
"HWM",0,"Industrials",-20,49,41,-2,"Included",28,26,4,1212,4518,4196,1980,3473,28371,28181,27402,24394
"PTC",0,"Technology",7,13,20,13,"Included",21,26,4,988,1699,1383,482,3505,15102,13446,13130,15044
"RSG",0,"Industrials",-18,8,31,22,"Included",17,26,4,396,2661,1520,552,1815,21462,21377,21357,21636
"TRGP",0,"Energy",-20,14,38,10,"Included",21,26,4,716,2214,1395,1822,7084,26621,26850,26712,23476
"LYV",0,"Communication Services",-9,39,32,1,"Included",27,26,4,1116,9582,3028,51720,1768,18464,18076,17656,16356
"EMR",0,"Industrials",5,51,17,-5,"Included",29,26,4,1235,2194,1653,434,1280,15871,15048,14559,14057
"PH",0,"Industrials",-8,61,22,-12,"Included",31,26,4,1128,2786,2545,915,2508,106050,99717,96447,90673
"HD",0,"Consumer Cyclical",0,13,20,18,"Included",19,26,4,959,2177,1651,2521,12838,35078,34252,33755,34804
"MET",0,"Financial Services",-33,46,19,10,"Included",21,26,4,763,895,1410,229,1309,9703,9518,9078,8241
"SPG",0,"Real Estate",-10,40,-3,15,"Included",19,26,4,,3272,1970,1484,12429,22055,22563,22062,20168
"PSA",0,"Real Estate",-4,36,4,16,"Included",20,26,4,945,3544,2083,1182,2193,32571,32351,31853,30124
"ACN",0,"Technology",44,0,2,15,"Included",22,26,4,1074,1214,841,342,2441,17825,16064,15888,19374
"BBY",0,"Consumer Cyclical",38,39,-14,9,"Included",25,26,4,1317,1169,749,563,3910,8243,8391,7960,7224
"PFG",0,"Financial Services",-1,47,-17,18,"Included",19,26,4,880,1100,1083,201,1295,11381,11287,10980,9812
"CPRT",1,"Industrials",18,-30,35,28,"Included",15,25,4,1014,1758,1188,312,1761,2959,2911,2977,3485
"CHRW",1,"Industrials",0,-29,56,23,"Included",17,25,4,946,1979,2053,1067,3712,14829,16777,17692,16897
"KR",1,"Consumer Defensive",25,-64,38,40,"Included",10,25,4,409,1019,821,610,1378,5648,5781,5965,6465
"MCO",0,"Financial Services",0,15,43,10,"Included",23,25,4,1330,2528,2198,2737,7693,47814,48166,47456,47308
"AJG",0,"Financial Services",-27,13,28,25,"Included",15,25,4,502,1696,1806,273,672,25243,24985,23981,23944
"HSY",0,"Consumer Defensive",14,-14,9,30,"Included",13,25,4,97,1851,1538,805,3281,18275,17855,18023,18788
"EIX",0,"Utilities",8,-16,11,38,"Included",11,25,4,651,1042,796,150,1973,6783,7335,7366,6841
"NOC",0,"Industrials",-17,22,19,15,"Included",18,25,4,-108,1899,1335,459,2696,57789,54784,54866,58782
"HRL",0,"Consumer Defensive",-2,11,2,29,"Included",14,25,4,331,1584,1061,171,583,2470,2512,2454,2409
"FFIV",0,"Technology",-5,42,2,12,"Included",20,25,4,1033,2268,2368,604,1983,40999,40547,39565,34293
"PCAR",0,"Industrials",-22,56,6,9,"Included",21,25,4,985,1840,2300,340,1276,13124,13058,12580,11718
"AAPL",0,"Technology",-8,40,10,12,"Included",20,25,4,1086,3240,2692,4188,14875,30826,31690,30987,28197
"RVTY",0,"Healthcare",-15,53,8,7,"Included",22,25,4,1072,1969,1761,179,321,11602,11240,10824,9961
"BAX",0,"Healthcare",12,26,-12,15,"Included",19,25,4,595,1347,1160,231,-1437,2778,2523,2291,2083
"KHC",0,"Consumer Defensive",13,13,-24,37,"Included",11,25,4,83,1192,838,82,-876,2493,2565,2495,2447
"HPQ",0,"Technology",44,31,-28,13,"Included",21,25,4,1194,990,730,,,2980,2704,2523,2342
"CBRE",1,"Real Estate",-16,14,46,13,"Included",20,24,4,1193,1587,2339,497,1580,14394,14453,14112,14512
"IBKR",0,"Financial Services",10,21,28,8,"Included",23,24,4,1343,2848,,692,2402,9066,9000,8924,7956
"LYB",0,"Basic Materials",8,3,-2,27,"Included",13,24,4,347,972,898,190,-227,6265,6013,6115,5997
"GE",0,"Industrials",-14,57,34,-9,"Included",29,24,4,1366,4041,3405,2157,4823,36670,36252,35033,32069
"MAA",0,"Real Estate",6,-1,10,22,"Included",15,24,4,720,,1710,283,705,13234,13415,13403,13332
"LDOS",0,"Technology",12,6,0,16,"Included",16,24,4,546,1076,980,330,2778,13910,12076,11980,14682
"A",0,"Healthcare",-5,44,26,-5,"Included",26,24,4,1229,2250,2171,589,2133,14872,13912,13389,12815
"ALLE",0,"Industrials",9,24,3,2,"Included",21,24,4,845,1698,1523,665,3373,16553,15601,14700,14989
"ADP",0,"Technology",11,16,-2,12,"Included",18,24,4,823,2043,1716,1805,7224,27368,26059,24568,24238
"TPR",0,"Consumer Cyclical",11,65,10,-12,"Included",30,24,4,1464,2107,1835,4885,6091,16478,15234,14745,13710
"EXPD",0,"Industrials",6,60,-20,3,"Included",22,24,4,1045,2256,1805,1098,4267,17900,17471,16919,15318
"STX",1,"Technology",-8,16,65,4,"Included",24,23,4,2102,1447,4081,16414,37153,80099,83978,83600,60070
"TSN",0,"Consumer Defensive",16,-31,14,32,"Included",10,23,4,378,1276,991,111,326,5716,5850,5913,5982
"ADI",0,"Technology",4,19,29,4,"Included",22,23,4,1212,2549,3127,554,964,38393,37904,38503,34478
"UDR",0,"Real Estate",2,-20,19,29,"Included",10,23,4,691,6725,1829,418,1374,3766,3886,3875,3753
"MS",0,"Financial Services",1,22,18,13,"Included",19,23,4,1209,1579,,318,1797,21533,21486,21190,18934
"EW",0,"Healthcare",-47,39,32,9,"Included",17,23,4,846,2726,2484,500,918,9203,8807,8733,8409
"DPZ",0,"Consumer Cyclical",4,2,13,21,"Included",14,23,4,951,1666,1609,,,34785,34259,33169,36260
"ABT",0,"Healthcare",-26,12,30,16,"Included",15,23,4,581,1792,1847,368,1058,10862,10343,9873,10573
"SHW",0,"Basic Materials",-6,33,24,-2,"Included",23,23,4,1093,2666,2172,2271,6512,36271,34685,33569,33444
"CSX",0,"Industrials",-7,45,16,0,"Included",23,23,4,1211,2206,1624,659,2436,5012,5031,4881,4325
"BF.B",0,"Consumer Defensive",4,23,-20,26,"Included",12,23,4,340,1656,1286,322,1785,2819,2765,2706,2737
"CPB",0,"Consumer Defensive",45,-16,-36,37,"Included",8,23,4,8,1153,799,166,1539,2242,2242,2217,2445
"CMG",1,"Consumer Cyclical",-26,-19,61,21,"Included",14,22,4,937,2349,1996,1852,4956,3214,3406,3366,3509
"HPE",0,"Technology",-8,52,30,-10,"Included",27,22,4,1436,1363,1571,286,632,5468,4941,4577,3392
"DOV",0,"Industrials",3,-5,36,13,"Included",17,22,4,1156,1806,1561,367,1491,21010,20931,21226,20682
"MGM",0,"Consumer Cyclical",19,5,19,14,"Included",18,22,4,1296,2123,1751,434,1892,4336,4532,4498,4024
"BXP",0,"Real Estate",-22,28,19,16,"Included",15,22,4,1039,3246,1811,210,531,6790,6915,6688,6401
"IR",0,"Industrials",-17,40,19,7,"Included",19,22,4,1161,2221,1857,330,947,8663,8485,8176,8082
"ODFL",0,"Industrials",19,6,4,19,"Included",15,22,4,1177,3212,2443,970,2482,21255,22013,22077,19707
"FDX",0,"Industrials",13,19,19,9,"Included",20,22,4,1360,1565,898,247,1485,32508,31469,31475,28294
"CSCO",0,"Technology",-7,22,22,3,"Included",20,22,4,1002,2556,2937,988,2523,12257,11738,11439,9622
"JCI",0,"Industrials",-4,50,14,-2,"Included",24,22,4,1317,2506,2316,677,1433,15070,14682,14405,13334
"CTAS",0,"Industrials",-13,25,15,9,"Included",18,22,4,918,3316,2789,1578,4071,20271,20052,19122,18921
"WAT",0,"Healthcare",-27,60,23,-8,"Included",24,22,4,1184,2486,3113,264,192,41177,38589,37254,34759
"AMP",0,"Financial Services",16,33,2,-5,"Included",23,22,4,1137,1082,,775,6343,55753,53751,50993,48654
"MNST",0,"Consumer Defensive",3,14,-19,29,"Included",9,22,4,524,6991,2940,1025,2570,4572,4729,4646,4137
"CRH",1,"Basic Materials",8,-45,68,16,"Included",15,21,4,1204,1513,1102,279,1581,10060,10063,10361,10979
"NXPI",1,"Technology",32,-31,47,21,"Included",16,21,4,1825,1290,1322,517,2792,23343,25170,26644,24976
"BG",1,"Consumer Defensive",-27,-5,29,27,"Included",9,21,4,650,993,1260,136,718,11265,11194,11515,11137
"TDG",0,"Industrials",-11,-13,35,17,"Included",12,21,4,906,2535,1932,,,122348,125396,125560,127770
"GOOG",0,"Communication Services",-24,22,45,4,"Included",19,21,4,1237,2415,2453,699,4868,35584,35167,35248,32386
"DLR",0,"Real Estate",-34,13,42,17,"Included",14,21,4,1042,6522,2860,265,291,19130,18869,18674,18035
"UPS",0,"Industrials",6,-12,15,29,"Included",10,21,4,1038,1296,941,591,2960,10472,10817,10819,10304
"PPG",0,"Basic Materials",3,-5,19,21,"Included",12,21,4,1063,1330,1174,304,1930,11548,11642,11572,11164
"TAP",0,"Consumer Defensive",1,3,-7,27,"Included",9,21,4,427,862,619,79,-1947,4252,4161,4123,4386
"FCX",0,"Basic Materials",-8,62,18,-16,"Included",27,21,4,1379,1725,1252,504,1475,7051,6491,6375,5851
"PKG",0,"Consumer Cyclical",-37,55,5,3,"Included",18,21,4,807,2010,1319,492,1489,25475,24613,23691,22179
"EA",0,"Communication Services",-4,29,-5,4,"Included",17,21,4,642,2172,3036,777,1646,20970,20731,20516,19958
"ADM",0,"Consumer Defensive",-3,13,-19,32,"Included",7,21,4,612,1416,1581,165,764,8049,8037,7967,7231
"FICO",1,"Technology",4,-37,61,21,"Included",13,20,4,1321,1976,2218,,,104974,115015,117755,127600
"CCL",1,"Consumer Cyclical",4,11,38,9,"Included",18,20,4,2338,1052,848,294,2669,2775,2793,2765,2794
"AMT",1,"Real Estate",0,-46,49,21,"Included",10,20,4,894,2416,1825,2118,3391,16911,17091,17302,18032
"GOOGL",0,"Communication Services",-24,22,44,4,"Included",19,20,4,1237,2426,2465,702,4868,35752,35285,35405,32496
"YUM",0,"Consumer Cyclical",-5,-39,30,33,"Included",5,20,4,553,1948,1708,,,14533,15139,15317,15316
"WMB",0,"Energy",-35,-1,42,12,"Included",12,20,4,615,2795,1716,668,2150,7185,7221,7297,6965
"REG",0,"Real Estate",-4,-25,23,29,"Included",8,20,4,819,3016,1807,209,819,7611,7955,7954,7659
"KMI",0,"Energy",-12,-9,20,20,"Included",10,20,4,554,2043,1355,221,1099,3139,3175,3198,3089
"FRT",0,"Real Estate",-28,0,32,24,"Included",10,20,4,929,3796,1830,318,1255,11713,12234,12145,11166
"PEP",0,"Consumer Defensive",15,-47,16,36,"Included",5,20,4,361,1534,1222,851,5151,13773,13907,14138,14708
"TTWO",0,"Communication Services",-42,38,32,3,"Included",17,20,4,983,2516,6332,1339,-904,25357,24181,23701,22944
"RMD",0,"Healthcare",-10,5,2,22,"Included",9,20,4,748,1663,1471,484,2427,22005,21035,20687,22763
"J",0,"Industrials",-33,26,25,1,"Included",16,20,4,667,1785,1903,529,800,14733,13725,13150,13305
"AMCR",0,"Consumer Cyclical",-36,38,6,13,"Included",13,20,4,593,1101,1155,187,874,4711,4546,4353,4270
"NDSN",0,"Industrials",-15,48,1,-5,"Included",19,20,4,964,2459,2093,537,1714,30869,30025,29395,27241
"GIS",0,"Consumer Defensive",-1,-8,-4,33,"Included",6,20,4,-47,1160,662,360,-103,3726,3652,3613,3969
"NWS",0,"Communication Services",-9,27,,17,"Included",13,20,3,911,2168,1428,208,798,3250,3184,3096,3023
"CIEN",1,"Technology",-23,-3,63,7,"Included",16,19,4,1315,4023,7033,1898,1546,38770,40101,42910,36772
"WY",0,"Real Estate",-46,30,30,9,"Included",13,19,4,901,3758,3365,193,497,2529,2472,2438,2439
"WMT",0,"Consumer Defensive",-28,-17,44,18,"Included",10,19,4,605,3435,2159,951,2413,11266,11227,11497,11660
"APO",0,"Financial Services",0,26,36,-7,"Included",22,19,4,1508,1232,,388,1141,13202,12555,12482,12720
"TXT",0,"Industrials",-3,-17,21,20,"Included",9,19,4,908,1234,1078,194,1213,8920,8944,9022,8902
"CBOE",0,"Financial Services",-3,-3,-2,24,"Included",7,19,4,415,1869,1502,530,2630,28502,28614,28579,28151
"EQR",0,"Real Estate",-22,-11,18,29,"Included",5,19,4,749,4253,1777,235,802,6583,6754,6718,6457
"URI",0,"Industrials",-8,52,32,-16,"Included",25,19,4,1799,1996,1835,769,2890,113752,111005,106829,95350
"KMB",0,"Consumer Defensive",-21,5,1,32,"Included",5,19,4,276,1446,1196,2053,10491,10802,10952,10716,10739
"PG",0,"Consumer Defensive",-13,-20,21,28,"Included",6,19,4,377,1978,1481,638,3029,14644,14706,14731,14862
"AVB",0,"Real Estate",-25,4,13,23,"Included",7,19,4,773,3774,1912,217,849,18384,18863,18750,18293
"CME",0,"Financial Services",-16,6,10,17,"Included",10,19,4,267,2039,2020,357,1580,26365,25790,25801,27348
"ESS",0,"Real Estate",-30,21,5,20,"Included",9,19,4,708,4582,2038,342,771,28321,28881,28556,26947
"ETN",0,"Industrials",-35,55,29,-12,"Included",22,19,4,1177,2777,2915,853,1968,44496,42066,41068,38661
"ES",0,"Utilities",-24,15,-4,30,"Included",6,19,4,702,1450,1114,164,902,7117,7298,7231,7030
"ALB",1,"Basic Materials",10,-16,42,6,"Included",16,18,4,1317,1139,1237,193,265,13121,12403,13648,14406
"DIS",0,"Communication Services",-24,18,46,4,"Included",16,18,4,1395,1383,1077,162,801,10318,9937,9938,10364
"XEL",0,"Utilities",-31,-25,46,23,"Included",7,18,4,405,1694,1432,202,992,7687,7862,7920,7852
"LHX",0,"Industrials",-25,-24,40,21,"Included",7,18,4,746,2158,3314,282,,28972,28870,29581,30761
"PWR",0,"Industrials",-21,20,37,0,"Included",17,18,4,1219,3419,3467,1030,1534,66086,65776,66412,58808
"KEYS",0,"Technology",-11,21,20,5,"Included",15,18,4,1210,2814,4033,905,1817,33541,32695,32818,28454
"HUBB",0,"Industrials",-29,14,20,11,"Included",10,18,4,899,2208,2102,682,2444,50490,49295,49245,48122
"AOS",0,"Industrials",3,7,8,13,"Included",12,18,4,1157,1524,1146,461,2713,6241,6158,6100,6460
"DELL",0,"Technology",-10,51,19,-14,"Included",22,18,4,1401,2078,2255,,,45788,42894,39552,26591
"SBUX",0,"Consumer Cyclical",-11,15,5,11,"Included",11,18,4,966,3365,2449,,,10465,10462,10343,9775
"ITW",0,"Industrials",-6,40,-12,0,"Included",15,18,4,1005,2381,1930,2915,10462,29452,28580,27571,26588
"NRG",1,"Utilities",-4,-66,72,27,"Included",6,17,4,1203,1069,1505,595,2377,11891,12890,13427,14643
"TRMB",1,"Technology",-1,-8,42,5,"Included",14,17,4,1356,1432,1707,240,825,5844,5622,5561,6432
"MSCI",0,"Financial Services",-2,-28,52,11,"Included",12,17,4,1222,2503,2402,,,56308,57740,58404,57526
"TKO",0,"Communication Services",-27,-25,48,13,"Included",9,17,4,648,4750,1431,415,706,18942,18627,18996,19364
"KKR",0,"Financial Services",5,3,46,-4,"Included",18,17,4,1786,1405,,330,728,10383,10137,9899,10670
"GLW",0,"Technology",-34,3,48,9,"Included",11,17,4,1148,3651,3509,1138,1681,15776,15816,16869,14418
"CMI",0,"Industrials",-15,9,31,8,"Included",13,17,4,1246,1836,1849,680,2111,63482,64893,65593,59176
"AMZN",0,"Consumer Cyclical",-28,52,38,-18,"Included",22,17,4,1454,2692,1852,544,3056,27809,25780,25116,23946
"MCD",0,"Consumer Cyclical",-8,-33,18,30,"Included",2,17,4,419,1956,1658,,,27372,27131,27504,29261
"EVRG",0,"Utilities",-30,-13,22,28,"Included",3,17,4,515,1799,1248,185,925,8209,8423,8427,8083
"LIN",0,"Basic Materials",-18,-25,29,22,"Included",5,17,4,726,2514,1821,591,1840,49246,50090,50686,48957
"NOW",0,"Technology",-26,12,26,5,"Included",12,17,4,930,2546,4679,1053,1424,12744,11234,10772,12105
"NVR",0,"Consumer Cyclical",4,-19,0,29,"Included",4,17,4,913,1529,1091,497,3154,629228,635602,639556,682032
"EXR",0,"Real Estate",-17,22,14,9,"Included",12,17,4,1185,3083,1974,234,695,14666,14831,14676,14238
"DXCM",0,"Healthcare",-6,31,28,-12,"Included",20,17,4,1410,2805,2318,1262,3849,8765,7938,7505,7090
"GPC",0,"Consumer Cyclical",-29,23,1,13,"Included",8,17,4,646,1620,1201,410,71,13454,12743,12022,11910
"FTV",0,"Technology",-9,14,-1,13,"Included",9,17,4,976,1903,1772,308,732,6175,6104,6081,5734
"AWK",0,"Utilities",-42,23,1,24,"Included",4,17,4,577,2063,1468,231,1010,13545,13405,13204,13270
"IVZ",0,"Financial Services",5,61,3,-16,"Included",23,17,4,1596,987,1262,141,-57,3174,3027,2898,2638
"ABNB",0,"Consumer Cyclical",-6,48,-5,-9,"Included",18,17,4,1137,3011,3597,1397,3454,18470,15420,14694,13563
"Q",1,"Technology",-45,7,34,8,"Included",9,16,4,,2507,2095,392,672,13437,13672,14085,12577
"SRE",0,"Utilities",-37,-41,49,31,"Included",0,16,4,576,1522,1743,171,668,8431,8860,9060,9057
"PPL",0,"Utilities",-29,-36,42,27,"Included",2,16,4,589,1653,1234,175,863,3499,3552,3589,3641
"JBHT",0,"Industrials",0,11,21,1,"Included",14,16,4,1297,2631,1577,683,1845,26614,27568,27368,23316
"PLD",0,"Real Estate",-7,-6,32,13,"Included",10,16,4,1324,4075,2512,241,775,13876,14291,14291,13500
"HLT",0,"Consumer Cyclical",-11,-17,26,22,"Included",6,16,4,1063,2977,2689,,,31100,32213,32596,31027
"GS",0,"Financial Services",2,16,4,9,"Included",11,16,4,1288,1397,,282,1690,103451,104574,103528,93706
"O",0,"Real Estate",-25,-14,15,29,"Included",2,16,4,720,3625,1712,148,323,6189,6357,6328,6179
"DE",0,"Industrials",-51,41,9,11,"Included",8,16,4,901,2680,2370,600,1835,60928,60876,59941,56352
"LULU",0,"Consumer Cyclical",25,-19,-26,27,"Included",3,16,4,863,1135,590,303,3203,12780,12097,12225,14823
"FTNT",0,"Technology",-14,46,-12,-2,"Included",13,16,4,1058,4368,4506,7768,11744,16421,15886,14922,11345
"CAG",0,"Consumer Defensive",12,-7,-28,28,"Included",2,16,4,-49,952,823,111,-2506,1477,1474,1443,1574
"GRMN",0,"Technology",-13,44,-18,-3,"Included",13,16,4,874,2850,2507,669,2189,31316,27944,26002,24040
"LITE",1,"Technology",-42,24,60,-3,"Included",15,15,4,1513,4342,11492,1962,2283,81351,78742,80174,64808
"ON",1,"Technology",8,-15,43,9,"Included",12,15,4,2016,1766,1528,430,831,7978,8533,9255,8062
"MCHP",1,"Technology",-24,4,57,6,"Included",12,15,4,1742,1796,3275,685,719,8139,8032,8382,7832
"HOOD",1,"Financial Services",9,-3,45,-9,"Included",17,15,4,2321,2968,,896,2362,9452,9582,9570,9693
"DECK",1,"Consumer Cyclical",18,-40,23,21,"Included",6,15,4,1167,1165,916,579,4256,9744,10053,10280,10354
"CDNS",0,"Technology",-10,-32,45,14,"Included",7,15,4,1142,3480,4292,1333,2323,33191,34372,35224,33973
"TXN",0,"Technology",-16,17,26,0,"Included",12,15,4,1325,2695,2764,1422,3518,28044,28379,28593,24610
"AEE",0,"Utilities",-32,-25,33,25,"Included",2,15,4,476,1842,1318,216,1194,10700,11017,11068,10815
"FE",0,"Utilities",-35,-14,25,23,"Included",2,15,4,450,1581,1060,209,949,4676,4818,4798,4724
"IFF",0,"Basic Materials",-72,59,29,-9,"Included",14,15,4,943,2149,1437,155,-555,8509,8074,7840,7338
"KIM",0,"Real Estate",-23,-11,13,30,"Included",1,15,4,968,2697,1838,157,581,2411,2521,2502,2337
"TT",0,"Industrials",-11,6,24,4,"Included",11,15,4,1205,2730,2513,1228,3664,47699,47237,47087,45075
"FDS",0,"Financial Services",4,17,-37,16,"Included",5,15,4,687,1442,1219,500,2703,28412,26667,25320,25893
"VICI",1,"Real Estate",-30,-53,43,37,"Included",-3,14,4,687,890,1283,99,985,2607,2659,2695,2846
"CSGP",0,"Real Estate",-11,-35,14,26,"Included",-1,14,4,731,1825,3213,161,89,3148,2971,3087,4631
"DTE",0,"Utilities",-32,-43,40,31,"Included",-2,14,4,396,1636,1556,234,1103,13678,14360,14558,14334
"IBM",0,"Technology",-2,-37,2,33,"Included",-2,14,4,705,1794,1699,646,3446,23631,23409,24461,25668
"GWW",0,"Industrials",-9,9,-4,12,"Included",6,14,4,1047,2544,1981,1479,4609,129745,133707,132217,118185
"CRL",0,"Healthcare",-37,61,20,-15,"Included",17,14,4,1376,2184,1898,466,-752,27700,24062,22032,19060
"ADBE",0,"Technology",34,13,-24,6,"Included",10,14,4,1397,993,1130,946,6295,27296,24642,23796,26580
"FAST",0,"Industrials",-16,36,-19,-4,"Included",10,14,4,712,3730,3074,1471,3433,5215,4850,4717,4582
"NTAP",0,"Technology",1,53,-8,-14,"Included",17,14,4,1433,2020,2021,2883,10673,19872,17800,16416,13266
"ERIE",0,"Financial Services",-6,3,,15,"Included",4,14,3,300,,1551,535,2481,25235,24032,23594,25954
"FIX",1,"Industrials",-3,11,31,-4,"Included",13,13,4,1701,2789,3055,9125,5529,167484,172864,175869,148212
"VRT",1,"Industrials",-5,-3,49,-4,"Included",14,13,4,2077,2969,3890,2443,4394,27010,27754,29197,25763
"TER",0,"Technology",-22,22,43,-9,"Included",14,13,4,1793,3160,3778,1818,3646,36510,36810,36973,30498
"ALGN",0,"Healthcare",-10,7,32,5,"Included",10,13,4,1653,1403,1266,296,1016,17604,17401,17428,16693
"ETR",0,"Utilities",-56,-15,38,23,"Included",-1,13,4,486,2073,1452,270,1025,10565,10994,11122,10579
"EFX",0,"Industrials",-12,-3,34,-1,"Included",10,13,4,1296,1783,1388,486,1427,18104,17581,17275,18919
"CNP",0,"Utilities",-32,-35,29,30,"Included",-3,13,4,461,1916,1312,225,983,4003,4221,4273,4170
"DUK",0,"Utilities",-32,-33,29,29,"Included",-2,13,4,371,1691,1138,176,986,12119,12548,12582,12534
"MSFT",0,"Technology",-23,16,26,-11,"Included",13,13,4,1099,2149,1961,850,3404,50606,44486,41991,43272
"NSC",0,"Industrials",-35,40,10,2,"Included",9,13,4,1269,2336,1609,461,1699,33395,33510,32641,30736
"MAR",0,"Consumer Cyclical",-22,-9,18,21,"Included",2,13,4,1120,2651,2247,,,34844,36473,36855,34100
"DDOG",0,"Technology",-38,53,30,-14,"Included",16,13,4,1509,8794,108486,2327,470,26078,25726,24221,18562
"PYPL",0,"Financial Services",28,11,-20,2,"Included",10,13,4,1298,1020,829,257,2450,5907,5594,5157,5231
"WDAY",0,"Technology",12,7,-16,1,"Included",8,13,4,1054,1457,2973,686,1086,18419,15848,14608,15894
"APP",1,"Communication Services",2,-64,74,19,"Included",4,12,4,2529,1593,2104,3593,20369,33900,40668,44532,48752
"APTV",1,"Consumer Cyclical",19,-93,57,35,"Included",-3,12,4,1360,761,472,119,516,4981,5440,5809,6598
"AMD",1,"Technology",-26,15,51,-9,"Included",13,12,4,2489,3037,7924,1140,1020,46956,49603,48650,35619
"AMAT",0,"Technology",-22,14,43,-5,"Included",12,12,4,1618,3026,4459,1734,3969,52212,53402,52875,40933
"LRCX",0,"Technology",-16,14,35,-3,"Included",11,12,4,1865,2659,4420,3620,6507,30640,31081,31763,25676
"DOW",0,"Basic Materials",-36,-4,15,14,"Included",2,12,4,423,1658,979,139,-554,3058,3002,3112,3067
"COST",0,"Consumer Defensive",-19,-24,23,11,"Included",3,12,4,860,4205,3052,2556,2915,95275,94755,95599,96662
"ARES",0,"Financial Services",-3,14,18,-2,"Included",11,12,4,1507,1916,3527,1210,1494,13766,13048,12617,13482
"MTD",0,"Healthcare",-22,37,3,-8,"Included",11,12,4,1224,2762,2406,223052,,142753,137154,130570,128829
"PANW",0,"Technology",-49,54,-2,-9,"Included",10,12,4,893,9340,21087,1131,483,38504,34456,31488,23909
"CEG",1,"Utilities",-54,-5,50,12,"Included",3,11,4,1118,2030,1511,300,1506,27043,26432,26616,29336
"META",1,"Communication Services",-32,-16,47,8,"Included",4,11,4,1243,1693,1402,580,2985,59492,59710,60353,63784
"NKE",0,"Consumer Cyclical",12,-39,5,24,"Included",-1,11,4,1118,1834,1308,420,2214,4211,4242,4334,5228
"KLAC",0,"Technology",-16,3,25,9,"Included",6,11,4,1458,2943,4180,4321,8750,19274,20157,20792,17255
"IDXX",0,"Healthcare",-13,21,21,-6,"Included",10,11,4,1542,3570,2950,3034,7421,59576,57061,56497,59804
"LUV",0,"Industrials",-25,13,9,6,"Included",5,11,4,1143,907,1072,310,1110,4490,4692,4631,4201
"WBD",0,"Communication Services",-8,17,11,7,"Included",7,11,4,1565,-115174,1248,207,-879,2687,2626,2648,2495
"POOL",0,"Industrials",-11,-20,9,19,"Included",-1,11,4,1054,1692,1389,577,3125,19998,19869,19937,22416
"ARE",0,"Real Estate",7,-24,-1,24,"Included",-1,11,4,1169,-5969,1389,53,-408,4835,5042,5024,5356
"AES",0,"Utilities",-36,15,-11,26,"Included",-3,11,4,952,620,1216,213,957,1473,1474,1470,1441
"BX",0,"Financial Services",16,15,3,-8,"Included",12,11,4,1546,1892,,1257,3137,14166,13103,12625,13258
"TECH",0,"Healthcare",-27,53,-3,-12,"Included",12,11,4,1277,3529,3106,541,534,7212,7116,6655,5969
"PODD",0,"Healthcare",-2,-55,25,28,"Included",-4,10,4,1095,1848,1678,696,2602,14285,15561,15995,21077
"AEP",0,"Utilities",-54,-26,31,29,"Included",-6,10,4,507,1791,1340,208,1013,12284,12934,13086,12680
"NEE",0,"Utilities",-40,-25,25,21,"Included",-3,10,4,653,1917,2022,309,1168,8470,8705,8789,8654
"WEC",0,"Utilities",-32,-44,22,33,"Included",-8,10,4,462,1768,1463,,1199,10612,11087,11258,11252
"TTD",0,"Communication Services",17,-58,-11,45,"Included",-10,10,4,1037,1184,751,257,1544,1339,1762,1892,2759
"SBAC",1,"Real Estate",-21,-50,35,22,"Included",-4,9,4,979,2206,1864,,,18105,18197,18697,19568
"NFLX",0,"Communication Services",24,-59,35,15,"Included",1,9,4,1514,1998,2208,1054,4954,7629,7331,7624,8978
"DASH",0,"Consumer Cyclical",-27,18,37,-9,"Included",9,9,4,1770,2644,6191,916,889,20986,19661,18568,19250
"APD",0,"Basic Materials",-80,32,35,-10,"Included",6,9,4,750,2134,8612,494,2,30818,29736,29412,28509
"ROK",0,"Industrials",-5,-3,17,6,"Included",4,9,4,1535,2934,2460,1383,3063,43522,45795,45647,41787
"EBAY",0,"Consumer Cyclical",5,-9,-3,12,"Included",1,9,4,1355,1606,1672,1048,4661,10771,11148,11056,10167
"VST",1,"Utilities",-19,-66,75,15,"Included",-1,8,4,1433,1384,1060,1548,,14287,15007,15349,16367
"ISRG",0,"Healthcare",16,-53,33,14,"Included",0,8,4,1460,3259,3202,766,1742,39338,37331,39171,44718
"NI",0,"Utilities",-57,-49,46,31,"Included",-10,8,4,554,1855,1313,207,855,4178,4471,4581,4538
"LNT",0,"Utilities",-56,-35,31,31,"Included",-10,8,4,539,1851,1628,235,1114,6821,7197,7300,7090
"ATO",0,"Utilities",-32,-37,13,28,"Included",-9,8,4,602,1862,1455,188,979,16792,17390,17508,17525
"CVNA",0,"Consumer Cyclical",-25,37,17,-13,"Included",10,8,4,3488,3293,2274,1324,5877,7416,6718,6738,7031
"ZBRA",0,"Technology",-3,16,24,-22,"Included",13,8,4,1583,1710,1748,527,1529,37808,31101,27905,26067
"STLD",0,"Basic Materials",-13,34,10,-18,"Included",11,8,4,1532,1412,1580,410,1757,26860,25292,24525,20790
"MOS",0,"Basic Materials",-46,-8,16,6,"Included",-3,7,4,821,1394,781,63,-507,2347,2264,2257,2511
"PNR",0,"Industrials",5,-73,20,30,"Included",-9,7,4,1030,1288,1191,284,1713,6673,6779,7100,8528
"VMC",0,"Basic Materials",-31,-18,30,2,"Included",0,7,4,1057,2644,1784,437,1323,28534,28414,28612,28837
"SO",0,"Utilities",-30,-36,7,26,"Included",-10,7,4,327,1855,1276,266,1148,9134,9422,9452,9376
"D",0,"Utilities",-58,-2,1,25,"Included",-10,7,4,630,1760,1419,212,828,6715,6905,6845,6476
"ED",0,"Utilities",-26,-25,-9,26,"Included",-10,7,4,263,1639,1074,153,896,10630,10962,10969,10745
"TSCO",0,"Consumer Cyclical",-36,-17,4,16,"Included",-6,7,4,452,1688,1261,689,3951,3462,3207,3219,4137
"CLX",0,"Consumer Defensive",-37,19,-30,16,"Included",-6,7,4,541,1693,1635,14476,16376,10770,10030,9819,10387
"IRM",0,"Real Estate",-53,12,32,-3,"Included",2,6,4,1217,4450,2208,,,12156,12369,12339,11206
"PEG",0,"Utilities",-41,-60,26,38,"Included",-15,6,4,527,1595,1381,214,1184,7456,7746,7876,8077
"RCL",0,"Consumer Cyclical",-50,29,29,-2,"Included",3,6,4,1779,1519,1520,805,4467,30800,31009,30004,29286
"DHI",0,"Consumer Cyclical",6,-30,1,17,"Included",-5,6,4,1375,1246,1132,173,1263,14666,14857,14963,15103
"CPT",0,"Real Estate",-59,-2,10,15,"Included",-7,6,4,789,10007,1800,294,789,10908,11220,11157,10786
"PAYX",0,"Technology",-9,14,-32,-10,"Included",1,6,4,,1898,2897,1154,,12118,11554,10889,10729
"TPL",1,"Energy",-10,-29,,28,"Included",-14,6,3,633,,3228,1554,3657,35044,38765,39670,38581
"CAT",0,"Industrials",-17,5,19,-4,"Included",2,5,4,1605,2617,2610,1985,5697,83758,86737,88587,76422
"EXC",0,"Utilities",-43,-34,3,32,"Included",-15,5,4,396,1467,1159,155,971,4450,4604,4624,4607
"WSM",0,"Consumer Cyclical",-14,46,-17,-17,"Included",7,5,4,1470,2444,1841,1579,5401,25082,23651,22489,20607
"GNRC",1,"Industrials",-18,-25,57,-13,"Included",5,4,4,1925,1744,2090,423,949,20609,21435,22942,21753
"SNPS",1,"Technology",-29,-61,53,15,"Included",-7,4,4,1213,2382,5140,259,382,41168,40351,42443,46235
"XYZ",0,"Technology",-66,34,43,-13,"Included",4,4,4,2526,1531,3091,214,161,7898,8013,7721,7117
"CMS",0,"Utilities",-56,-49,24,35,"Included",-17,4,4,339,1662,1377,227,916,6906,7265,7369,7398
"EL",0,"Consumer Defensive",-27,16,-1,-6,"Included",0,4,4,1246,2741,1605,790,-595,8719,8469,8395,8803
"PLTR",0,"Technology",-20,16,26,-25,"Included",8,4,4,1563,7572,15474,4302,3810,17523,14210,13647,14827
"BEN",0,"Financial Services",-25,44,-7,-13,"Included",4,4,4,1574,1065,1145,145,789,3352,3364,3272,2889
"ROL",0,"Consumer Cyclical",-10,-92,16,38,"Included",-19,3,4,744,2855,2187,,3701,3723,3974,4330,5151
"QCOM",0,"Technology",1,-25,0,14,"Included",-8,2,4,1663,1580,1478,620,3375,16217,16678,17761,17099
"PNW",0,"Utilities",-54,-23,2,24,"Included",-15,2,4,444,1779,1329,171,937,9923,10310,10369,9939
"CRWD",0,"Technology",-56,57,-8,-20,"Included",2,2,4,1234,14394,380285,4947,-25,22516,19890,18402,14480
"MRNA",0,"Healthcare",-42,23,-42,13,"Included",-12,2,4,899,-1237,-912,353,-3900,5981,5871,5857,4817
"BLDR",0,"Industrials",-7,-37,16,4,"Included",-7,1,4,1418,1612,1263,193,251,7198,7330,7594,9204
"CCI",1,"Real Estate",-31,-77,36,23,"Included",-16,0,4,970,2533,1995,,,7361,7663,7996,8675
"SMCI",0,"Technology",-9,-8,3,-2,"Included",-5,0,4,1967,950,1696,250,1788,3146,2933,3002,3311
"ORCL",1,"Technology",-30,-60,73,-4,"Included",-6,-1,4,1718,1387,1889,1158,5338,15105,13809,14936,18017
"NCLH",0,"Consumer Cyclical",-11,-18,13,-3,"Included",-5,-1,4,1903,1085,936,331,3673,1855,1953,1943,2032
"LEN",0,"Consumer Cyclical",3,-28,-22,14,"Included",-13,-1,4,1398,1321,1101,95,737,8560,8560,8698,9876
"COIN",0,"Financial Services",-21,-40,33,3,"Included",-9,-2,4,3361,4898,5304,300,-785,14868,15587,16287,20456
"COHR",0,"Technology",-73,23,38,-13,"Included",-4,-2,4,2107,3884,4944,596,472,32515,31059,32296,27217
"PSKY",0,"Communication Services",8,-44,-12,17,"Included",-14,-2,4,1471,1078,786,88,-90,927,878,930,1083
"CARR",0,"Industrials",-49,-31,38,-1,"Included",-10,-3,4,1309,1919,2059,398,897,6344,6550,6650,6362
"MLM",0,"Basic Materials",-45,-48,32,6,"Included",-14,-3,4,1106,2557,1846,286,889,54954,55668,56979,59688
"LII",0,"Industrials",-21,-76,22,25,"Included",-20,-3,4,1199,1608,1418,1128,7176,42328,47805,50368,51708
"AXON",0,"Industrials",-63,13,31,-22,"Included",-4,-3,4,1397,5639,30043,1318,622,59633,54952,51775,53519
"SWKS",0,"Technology",-17,-7,-16,9,"Included",-12,-3,4,1510,1383,1163,180,509,6879,6465,6525,6571
"SATS",0,"Communication Services",-68,-2,11,-19,"Included",-12,-7,4,963,-91154,3573,534,-11228,9203,9203,9203,9203
"F",0,"Consumer Cyclical",-58,10,5,-7,"Included",-14,-8,4,1848,735,2578,156,-1825,1400,1426,1413,1332
"INTC",0,"Technology",-68,16,4,-13,"Included",-16,-11,4,2241,4737,3137,562,-1071,9752,9936,10279,7651
"TSLA",0,"Consumer Cyclical",-75,-45,25,-14,"Included",-32,-23,4,1827,14910,11902,1504,467,33088,33913,36569,38957
